Argon 2i 10 iterations 1024 KB 1 thread,Argon 2i 100 iterations 4096 KB 8 threads,Argon 2i 500 iterations 8192 KB 16 threads,Catena garlic 15,Catena garlic 18,Catena garlic 20,Yescrypt 1024 blocks blocksize 8 1 thread,Yescrypt 2048 blocks blocksize 32 8 threads,Yescrypt 4096 blocks blocksize 64 16 threads
0.34808945655822754,8.750317335128784,86.38635540008545,4.300830602645874,35.133975982666016,153.73045301437378,0.022708892822265625,0.29595446586608887,4.070872783660889
0.680931806564331,8.793354272842407,86.50727415084839,4.060812950134277,34.7665376663208,155.77050065994263,0.0227203369140625,0.29920530319213867,4.171597719192505
0.6879277229309082,8.78813624382019,86.38208389282227,4.356892824172974,35.24495840072632,154.8106632232666,0.022844791412353516,0.5381753444671631,4.158564329147339
0.6816389560699463,9.05706524848938,86.82977557182312,4.011186599731445,34.39753174781799,155.3347156047821,0.022858381271362305,0.518662691116333,4.162535190582275
0.6939208507537842,9.015278339385986,86.47800779342651,4.2728729248046875,34.86857771873474,155.16487407684326,0.022800207138061523,0.5264489650726318,4.156823635101318
0.6872909069061279,8.602230310440063,86.41399502754211,4.442667007446289,34.391669273376465,157.46689867973328,0.022894859313964844,0.5135648250579834,4.167986869812012
0.6817872524261475,8.76085114479065,86.0449743270874,4.5911948680877686,34.40354657173157,154.94292664527893,0.02288365364074707,0.4847438335418701,4.163290500640869
0.6876070499420166,9.046504974365234,85.94752478599548,4.499610900878906,34.38665962219238,157.37843990325928,0.022896289825439453,0.5218114852905273,4.164949178695679
0.6974661350250244,8.80759072303772,86.41936802864075,4.400360584259033,34.45897722244263,153.95989298820496,0.023123979568481445,0.5069289207458496,4.170523166656494
0.7009098529815674,8.859330415725708,86.10465979576111,4.439120769500732,35.14371347427368,165.5652198791504,0.02279353141784668,0.50950026512146,4.159030914306641
0.6952240467071533,8.66822361946106,86.65052103996277,4.29379940032959,34.69827175140381,154.06713032722473,0.022859811782836914,0.4907064437866211,4.170694351196289
0.6988687515258789,8.825639963150024,86.99294948577881,4.162686586380005,34.39339876174927,155.0631332397461,0.02276921272277832,0.5208296775817871,4.162375450134277
0.6978700160980225,8.804938793182373,86.47961521148682,4.4410765171051025,34.64421844482422,156.17977380752563,0.022857189178466797,0.48822760581970215,4.197930574417114
0.6876840591430664,8.822319746017456,86.28137874603271,4.424408674240112,35.22551774978638,153.6911163330078,0.0231020450592041,0.5210018157958984,4.162163257598877
0.681565523147583,8.962329387664795,86.13159418106079,4.479714632034302,34.853116035461426,155.3327431678772,0.02295851707458496,0.48659563064575195,4.173775911331177
0.6999986171722412,8.868852376937866,86.50412893295288,4.417038917541504,34.85011410713196,156.94326758384705,0.022819995880126953,0.47838449478149414,4.1671462059021
0.6945269107818604,8.786744594573975,86.62846994400024,4.392030715942383,34.70112729072571,156.03787565231323,0.02293682098388672,0.4687364101409912,4.1698362827301025
0.6984572410583496,8.797422409057617,86.82576727867126,4.313998222351074,34.76745104789734,156.08424186706543,0.02286052703857422,0.5240888595581055,4.1708221435546875
0.6894826889038086,8.6770339012146,86.44091081619263,4.377712726593018,35.08155918121338,155.92922377586365,0.023093700408935547,0.4548962116241455,4.175195932388306
0.6816225051879883,8.685615062713623,86.61817121505737,4.356007099151611,34.434550523757935,155.44015216827393,0.023166656494140625,0.533390998840332,4.165505647659302
0.6835145950317383,8.720351934432983,86.73604154586792,4.258500576019287,34.39938235282898,153.42440629005432,0.023056745529174805,0.5132148265838623,4.161563158035278
0.6938917636871338,9.005207538604736,86.6124439239502,4.160404682159424,34.8709602355957,157.47642493247986,0.022978544235229492,0.5216598510742188,4.166875839233398
0.6817758083343506,8.842839241027832,86.76999545097351,4.225818634033203,34.32445669174194,157.2488203048706,0.022827863693237305,0.5370523929595947,4.178320646286011
0.6871109008789062,8.69123911857605,86.48605155944824,4.428759574890137,35.23578882217407,159.0795373916626,0.022886037826538086,0.4778263568878174,4.160718679428101
0.681340217590332,8.883434772491455,86.52714729309082,4.378699779510498,35.00840425491333,155.1029372215271,0.0229341983795166,0.5350699424743652,4.162079095840454
0.681952714920044,8.802802085876465,86.78826308250427,4.217991828918457,34.878806352615356,159.23307585716248,0.022852182388305664,0.4696934223175049,4.177876234054565
0.6810555458068848,8.860841035842896,86.5325493812561,4.390588045120239,34.85142993927002,156.6870949268341,0.023297786712646484,0.5285224914550781,4.164098262786865
0.6999123096466064,8.727752447128296,86.23662495613098,4.531921148300171,34.8620502948761,154.37266993522644,0.022794723510742188,0.5019474029541016,4.167173862457275
0.6814785003662109,8.777310371398926,86.47192001342773,4.37131667137146,34.45184516906738,157.32297921180725,0.022985458374023438,0.5003163814544678,4.174950361251831
0.6836929321289062,8.833082675933838,86.34695243835449,4.472965955734253,35.533387184143066,153.69426035881042,0.022944211959838867,0.47986459732055664,4.17702054977417
0.6997957229614258,8.840572357177734,86.65016174316406,4.248604774475098,34.688621282577515,154.64962911605835,0.02291560173034668,0.4786498546600342,4.168949127197266
0.6911559104919434,8.917617082595825,86.85915899276733,4.177144765853882,35.060038328170776,154.0554792881012,0.02310657501220703,0.5304183959960938,4.160706281661987
0.6818962097167969,8.843587875366211,86.31769752502441,4.419702768325806,34.3346643447876,155.58581280708313,0.022826194763183594,0.5082297325134277,4.164445877075195
0.6836047172546387,8.965022802352905,86.9333119392395,4.0257086753845215,35.60983443260193,154.2708237171173,0.022954940795898438,0.5162339210510254,4.164724111557007
0.695410966873169,8.71563458442688,86.92459988594055,4.163562297821045,34.31533718109131,157.1846992969513,0.0230405330657959,0.5092062950134277,4.165539979934692
0.687408447265625,8.937240839004517,86.58273482322693,4.252746105194092,34.46889019012451,155.36512660980225,0.02281808853149414,0.5316224098205566,4.172648668289185
0.6984589099884033,8.992302894592285,86.56046295166016,4.174410820007324,34.33989763259888,155.12840843200684,0.0228273868560791,0.4524099826812744,4.1723127365112305
0.7006409168243408,8.916145324707031,86.50835418701172,4.413273811340332,35.08908653259277,154.06113958358765,0.02298760414123535,0.5188062191009521,4.165000915527344
0.683316707611084,8.837706327438354,86.93773913383484,4.083312034606934,34.98513841629028,156.11409401893616,0.022997140884399414,0.4675779342651367,4.164179801940918
0.6983606815338135,8.837472915649414,86.29662442207336,4.5280115604400635,34.384745597839355,156.77423930168152,0.022940397262573242,0.46599268913269043,4.172862768173218
0.6836283206939697,8.764251470565796,86.40533375740051,4.429155588150024,34.770745515823364,155.89129638671875,0.02294635772705078,0.4867539405822754,4.164118528366089
0.6819524765014648,8.738786458969116,86.2281665802002,4.654397010803223,35.06375598907471,156.15570640563965,0.02336740493774414,0.47661852836608887,4.171399354934692
0.6815392971038818,8.723814725875854,86.49339556694031,4.478707551956177,34.447230100631714,155.3971872329712,0.02280592918395996,0.4766576290130615,4.16861891746521
0.6946408748626709,8.744831800460815,88.79769492149353,4.925089597702026,34.7576265335083,156.4071068763733,0.02309441566467285,0.4536583423614502,4.169556379318237
0.6870863437652588,8.759755373001099,86.27872252464294,4.590686082839966,34.32153034210205,156.55257034301758,0.022873878479003906,0.5233438014984131,4.167872905731201
0.6831488609313965,8.91279149055481,86.58346748352051,4.2356507778167725,35.54322624206543,156.1444172859192,0.022997617721557617,0.5271162986755371,4.159583330154419
0.6944582462310791,8.740784168243408,86.87178349494934,4.212886333465576,34.859421730041504,155.654940366745,0.022969484329223633,0.4885380268096924,4.160171985626221
0.6868739128112793,8.749363899230957,86.54302716255188,4.356916666030884,34.894855260849,155.61192893981934,0.023036718368530273,0.49379968643188477,4.167680740356445
0.694643497467041,8.882193803787231,86.28316283226013,4.437541961669922,34.505526065826416,154.29225754737854,0.02291584014892578,0.4943995475769043,4.165532827377319
0.6889858245849609,8.757659673690796,86.5770320892334,4.239603281021118,34.46597909927368,155.72039651870728,0.02281022071838379,0.5463449954986572,4.165158987045288
0.6817686557769775,8.932890892028809,86.43018746376038,4.2447288036346436,34.86711883544922,157.1413698196411,0.022889375686645508,0.4770495891571045,4.1735358238220215
0.6935226917266846,8.94845986366272,86.51820302009583,4.202310800552368,34.69209313392639,155.05734825134277,0.022758960723876953,0.49320197105407715,4.159879922866821
0.6985535621643066,8.736948490142822,86.22818303108215,4.5848228931427,34.69873070716858,153.68932819366455,0.022862672805786133,0.5639162063598633,4.167419672012329
0.687063455581665,8.796254634857178,86.96277451515198,4.134758472442627,35.04428768157959,155.15100502967834,0.02305436134338379,0.48696279525756836,4.160521745681763
0.6954436302185059,8.783123254776001,86.31481051445007,4.44280481338501,35.11189389228821,155.33482480049133,0.023125171661376953,0.5283143520355225,4.164963245391846
0.6809053421020508,8.713717460632324,86.8953742980957,4.1489644050598145,34.31135845184326,154.17975759506226,0.022703170776367188,0.5033912658691406,4.167107343673706
0.6835062503814697,8.9331374168396,86.93987345695496,4.160113096237183,35.166842460632324,155.17372179031372,0.023014068603515625,0.46863412857055664,4.173475742340088
0.7011380195617676,8.793344974517822,86.70478343963623,4.282493591308594,34.728190183639526,154.50794577598572,0.022837162017822266,0.47969627380371094,4.16801381111145
0.6976625919342041,8.823147058486938,86.71011805534363,4.173777341842651,35.13559007644653,156.05139112472534,0.022818803787231445,0.4530823230743408,4.1750264167785645
0.6969382762908936,8.879000425338745,86.4762282371521,4.382044076919556,34.456703901290894,157.11495327949524,0.023093700408935547,0.5128240585327148,4.169477701187134
0.6937320232391357,8.736684083938599,86.48689842224121,4.282489538192749,34.45654892921448,157.5142388343811,0.022846221923828125,0.5207173824310303,4.167042255401611
0.6836957931518555,8.559240341186523,87.01180529594421,4.216602563858032,34.4014995098114,155.32100892066956,0.022904634475708008,0.5132877826690674,4.158729791641235
0.6990334987640381,8.872776985168457,86.73763227462769,4.121662616729736,34.38968801498413,154.45397901535034,0.02285003662109375,0.5025641918182373,4.170850038528442
0.6832585334777832,8.839310646057129,86.50912594795227,4.383342027664185,34.745630741119385,154.24293637275696,0.02284383773803711,0.513594388961792,4.160903453826904
0.6869199275970459,8.709315061569214,86.32659697532654,4.436719655990601,35.13998818397522,153.66563248634338,0.023089885711669922,0.503401517868042,4.163654565811157
0.6871151924133301,8.855984449386597,86.29511833190918,3.867323637008667,35.13106679916382,156.30630922317505,0.022902727127075195,0.45330047607421875,4.171855449676514
0.6956079006195068,8.615695476531982,86.46144342422485,3.7308900356292725,35.022037506103516,154.25801825523376,0.02303600311279297,0.2965574264526367,4.11877179145813
0.6822364330291748,8.966897249221802,86.33940148353577,3.89681339263916,34.99601101875305,154.25354766845703,0.022996902465820312,0.5145378112792969,4.166045427322388
0.6982607841491699,8.834664344787598,86.52393412590027,3.7247650623321533,34.87212419509888,155.39254546165466,0.022907257080078125,0.29947638511657715,4.092658519744873
0.6811316013336182,8.78381609916687,86.4189965724945,4.208239793777466,34.44673681259155,157.51052045822144,0.022839784622192383,0.45374536514282227,4.168713569641113
0.6896481513977051,8.783931970596313,86.73674821853638,3.8085439205169678,34.383482456207275,154.83397030830383,0.022948741912841797,0.29161858558654785,4.156702280044556
0.6815650463104248,8.757309436798096,86.53812766075134,4.195065498352051,34.43909406661987,157.54208040237427,0.02279186248779297,0.2955055236816406,4.076472520828247
0.6818561553955078,8.795718669891357,86.42963099479675,4.4431562423706055,34.67918634414673,157.2560155391693,0.0229494571685791,0.29706907272338867,4.170504570007324
0.6943995952606201,8.787830114364624,86.27517557144165,4.177772045135498,35.17164635658264,155.09599614143372,0.022986888885498047,0.2881762981414795,4.084289073944092
0.6978940963745117,8.915228843688965,86.95297908782959,4.1372668743133545,34.69165635108948,154.31773018836975,0.022962093353271484,0.29414844512939453,4.126458168029785
0.6975407600402832,8.967766284942627,86.21919417381287,4.272619724273682,34.384850025177,154.29166769981384,0.023059606552124023,0.5265688896179199,4.162793397903442
0.697587251663208,8.597310304641724,86.28896045684814,3.9405665397644043,35.085368394851685,155.39235401153564,0.022775650024414062,0.4746978282928467,4.173822641372681
0.6995747089385986,8.6541166305542,86.70227432250977,3.7959952354431152,34.32001447677612,155.32712507247925,0.02283787727355957,0.5489799976348877,4.174211025238037
0.6873571872711182,9.275848150253296,86.76036643981934,3.6673192977905273,34.75186347961426,155.68578720092773,0.02294015884399414,0.2957804203033447,4.163970947265625
0.6817655563354492,8.946906566619873,86.64311194419861,4.04317307472229,34.856892347335815,155.8852276802063,0.022775650024414062,0.29634976387023926,4.123790740966797
0.6987156867980957,8.999563217163086,86.58431839942932,4.218713283538818,34.64084601402283,155.3529245853424,0.022858142852783203,0.4995889663696289,4.169483661651611
0.6986157894134521,8.76912784576416,86.89568400382996,3.8335301876068115,34.45903658866882,156.41130685806274,0.022972822189331055,0.2934739589691162,4.147665500640869
0.6810963153839111,9.077638864517212,86.67952489852905,4.283288955688477,34.83881115913391,154.03485655784607,0.023088693618774414,0.29204487800598145,4.1183342933654785
0.6818671226501465,8.989713430404663,86.44180178642273,3.787893295288086,34.844921588897705,155.67806458473206,0.022916555404663086,0.2926061153411865,4.088027715682983
0.6850941181182861,8.781593322753906,86.32207751274109,4.061715841293335,34.44534111022949,153.98719668388367,0.023028850555419922,0.49896788597106934,4.168416500091553
0.6960165500640869,8.832757711410522,86.72813534736633,5.278756380081177,34.31515336036682,157.08723211288452,0.02286982536315918,0.29555439949035645,4.122262477874756
0.6918380260467529,8.8948335647583,86.85207176208496,5.312955379486084,34.4047315120697,156.30241703987122,0.02291107177734375,0.5343220233917236,4.1692962646484375
0.6858229637145996,8.932034730911255,86.65526366233826,5.233095645904541,34.32431483268738,155.69075989723206,0.0228426456451416,0.3118877410888672,4.158278942108154
0.6943314075469971,9.027812719345093,86.66842603683472,3.738593339920044,34.81303548812866,156.14940786361694,0.023092031478881836,0.29729342460632324,4.086583375930786
0.6854214668273926,8.842940092086792,86.84634160995483,3.8393945693969727,34.63167357444763,156.75166773796082,0.023194551467895508,0.495591402053833,4.165949821472168
0.686931848526001,8.996575832366943,86.64177083969116,3.7403488159179688,35.10528349876404,156.0880892276764,0.02306365966796875,0.45594143867492676,4.172630548477173
0.6942620277404785,8.837587118148804,86.67226099967957,5.195253849029541,34.387553215026855,155.0756435394287,0.02295088768005371,0.29517340660095215,4.168913841247559
0.6979107856750488,8.871550559997559,86.7282543182373,4.134993314743042,34.99327063560486,156.09101748466492,0.023052453994750977,0.30086779594421387,4.1097731590271
0.681053638458252,8.843071222305298,86.4539303779602,4.146953821182251,34.64424538612366,153.73331689834595,0.022793054580688477,0.46817755699157715,4.166737079620361
0.6860706806182861,8.645349264144897,86.74938654899597,3.849013090133667,35.540998697280884,154.7607705593109,0.022848129272460938,0.29720425605773926,4.1702258586883545
0.7001602649688721,8.852627515792847,86.17798447608948,4.073441028594971,34.98477554321289,153.998149394989,0.023075103759765625,0.29317665100097656,4.090362787246704
0.6837296485900879,8.95128846168518,86.59914183616638,4.184010982513428,34.3910927772522,157.36957001686096,0.02286696434020996,0.29483890533447266,4.06142783164978
0.6813464164733887,8.81266164779663,86.49121880531311,4.3328845500946045,35.116238594055176,154.43235397338867,0.022988080978393555,0.528749942779541,4.160086631774902
0.6946475505828857,8.57534909248352,86.56839990615845,3.8625214099884033,35.10635757446289,153.72063374519348,0.02289748191833496,0.5026161670684814,4.163435697555542
0.6815757751464844,8.752493619918823,86.64991545677185,3.680935859680176,34.704336166381836,153.63714289665222,0.022858142852783203,0.5286605358123779,4.165137052536011
0.6980831623077393,8.782126188278198,86.9886360168457,5.208520174026489,34.45089149475098,159.19833612442017,0.022866010665893555,0.2935807704925537,4.152052640914917
0.6937839984893799,8.984456062316895,86.43639421463013,3.984140157699585,34.66542840003967,155.11861944198608,0.022994518280029297,0.2989346981048584,4.132494926452637
0.6809577941894531,9.15334177017212,86.60107946395874,3.887329578399658,34.76797437667847,156.1749951839447,0.022794008255004883,0.4811990261077881,4.165336847305298
0.6814463138580322,8.768161296844482,86.65265965461731,3.9758617877960205,35.12607455253601,154.0464370250702,0.022976398468017578,0.28631019592285156,4.089579343795776
0.6824944019317627,8.878332376480103,86.90236759185791,3.934384346008301,34.46135663986206,156.82251977920532,0.022889375686645508,0.2935678958892822,4.102002382278442
0.6941978931427002,8.950993537902832,86.76345181465149,4.277675628662109,34.69769620895386,155.70596837997437,0.02283024787902832,0.29219722747802734,4.114355087280273
0.7022891044616699,8.857438087463379,86.46192693710327,4.271558046340942,34.85470485687256,154.03662776947021,0.022905588150024414,0.2955751419067383,4.164736986160278
0.6912214756011963,8.65958857536316,86.4724953174591,4.385366439819336,35.015244245529175,156.73324728012085,0.022973060607910156,0.28635144233703613,4.096133232116699
0.6816906929016113,8.780845165252686,86.45541667938232,4.28060245513916,34.50189018249512,155.36355686187744,0.022820234298706055,0.2860708236694336,4.0938191413879395
0.6893749237060547,8.988460779190063,86.15546655654907,4.221238613128662,34.455100774765015,154.37732076644897,0.023045063018798828,0.5134665966033936,4.1633288860321045
0.6952905654907227,8.604609966278076,86.57077407836914,3.8030500411987305,34.4458646774292,154.18293380737305,0.022697925567626953,0.296403169631958,4.158074617385864
0.6835253238677979,8.857296705245972,86.58831238746643,4.231743574142456,34.87050914764404,154.14414882659912,0.022962093353271484,0.5253372192382812,4.164232492446899
0.6871390342712402,8.829522371292114,86.8623194694519,5.260366678237915,34.8536696434021,156.1670389175415,0.02281975746154785,0.503643274307251,4.163119077682495
0.6871426105499268,8.887865781784058,86.29379558563232,4.127596855163574,35.103312730789185,155.62533140182495,0.023086071014404297,0.3077969551086426,4.15360689163208
0.6891787052154541,8.98807168006897,86.38278603553772,4.273878812789917,34.6683189868927,154.00432753562927,0.023133277893066406,0.45806050300598145,4.167261123657227
0.681199312210083,8.72864842414856,86.43439030647278,4.12701153755188,35.052286863327026,156.11681485176086,0.02284693717956543,0.4573330879211426,4.171492099761963
0.7000243663787842,8.760021209716797,86.75753712654114,3.9469714164733887,35.16686129570007,155.99809432029724,0.022975921630859375,0.4537506103515625,4.173431873321533
0.6945044994354248,8.76686954498291,86.57757329940796,4.125825643539429,34.43110418319702,157.5393033027649,0.023028135299682617,0.5299217700958252,4.165053844451904
0.6985499858856201,8.954654693603516,86.41066670417786,4.036240577697754,34.70308804512024,157.8399567604065,0.02288222312927246,0.49462223052978516,4.1650710105896
0.6981570720672607,8.851796627044678,86.76638531684875,4.091492652893066,34.35555911064148,154.03714275360107,0.0231015682220459,0.5053517818450928,4.174689531326294
0.6831681728363037,8.936723470687866,86.39152979850769,3.944547414779663,35.53305673599243,153.82223463058472,0.023131370544433594,0.291980504989624,4.141984939575195
0.6869490146636963,8.87450122833252,86.29723739624023,4.513759613037109,34.69914436340332,155.6018626689911,0.022917747497558594,0.4883441925048828,4.16913104057312
0.6873400211334229,8.904118061065674,86.40907120704651,4.061758756637573,34.45313501358032,157.46125531196594,0.022865772247314453,0.45694732666015625,4.170923709869385
0.6833264827728271,8.872941493988037,86.12671494483948,4.157334089279175,34.325724601745605,155.13636660575867,0.022866010665893555,0.2868070602416992,4.116766452789307
0.6818790435791016,8.862740993499756,86.29457306861877,4.3666603565216064,34.83196830749512,156.1008746623993,0.023040294647216797,0.29692625999450684,4.105670928955078
0.6892383098602295,8.970009565353394,86.65346813201904,4.142139196395874,34.912683725357056,153.72668886184692,0.02312636375427246,0.4574756622314453,4.1624133586883545
0.6986603736877441,8.838110446929932,86.58460545539856,4.250051498413086,34.452462911605835,156.37868332862854,0.022634267807006836,0.5161628723144531,4.165115833282471
0.689403772354126,8.78337812423706,86.58346676826477,4.118998050689697,34.403021574020386,154.0063648223877,0.022577762603759766,0.5364978313446045,4.160075902938843
0.6825301647186279,8.696810245513916,86.30416417121887,4.194725275039673,34.3833122253418,157.4907205104828,0.022737979888916016,0.3653252124786377,4.1656975746154785
0.6815690994262695,8.738809585571289,86.25017142295837,4.3620219230651855,35.16407513618469,155.78036403656006,0.022874832153320312,0.4647362232208252,4.162470579147339
0.6963145732879639,8.968108177185059,86.75633668899536,3.637274742126465,34.86871886253357,157.23985958099365,0.022855281829833984,0.30416107177734375,4.098397254943848
0.693589448928833,9.01284646987915,86.33749747276306,4.385331153869629,34.77287745475769,153.68341302871704,0.023029565811157227,0.5196335315704346,4.165946960449219
0.689154863357544,8.54355001449585,86.65844488143921,4.083008527755737,34.86109113693237,154.13230419158936,0.022967815399169922,0.2987079620361328,4.119584083557129
0.6832478046417236,8.715203523635864,86.81288027763367,4.4608728885650635,35.53342890739441,155.9471161365509,0.022980690002441406,0.34763646125793457,4.177003860473633
0.6864821910858154,8.791749000549316,86.41291165351868,4.278462648391724,35.11292910575867,156.12343049049377,0.023019790649414062,0.4863717555999756,4.168427467346191
0.6972780227661133,8.711554765701294,86.37618064880371,4.231734991073608,35.51758122444153,153.75298023223877,0.02303767204284668,0.4047408103942871,4.172521591186523
0.698920488357544,8.585900068283081,86.25407576560974,4.170995473861694,34.641016244888306,153.78410410881042,0.02295851707458496,0.2941596508026123,4.13681697845459
0.6808280944824219,8.788012504577637,86.53905415534973,4.496481418609619,34.395713806152344,155.1065309047699,0.02287578582763672,0.2922859191894531,4.123634338378906
0.6935379505157471,8.930221796035767,86.93102669715881,4.053561210632324,35.00326895713806,156.7315273284912,0.023073196411132812,0.5144369602203369,4.1622209548950195
0.6877412796020508,8.879654169082642,86.29476809501648,3.836115837097168,34.696162700653076,154.02823567390442,0.023024797439575195,0.2973291873931885,4.163830757141113
0.6874024868011475,8.95500135421753,86.31394076347351,4.233019590377808,34.451961040496826,155.18459391593933,0.0228273868560791,0.29389309883117676,4.107558488845825
0.6814608573913574,8.900775671005249,86.62385773658752,4.226179838180542,34.528724670410156,155.93741273880005,0.022927522659301758,0.5287673473358154,4.171470880508423
0.7006299495697021,8.884084939956665,86.39728450775146,3.843858242034912,35.10813307762146,158.53835940361023,0.022690296173095703,0.5252420902252197,4.167410850524902
0.6939380168914795,8.65616226196289,86.41847014427185,4.032564163208008,34.769509077072144,155.40627694129944,0.022793292999267578,0.29671168327331543,4.140801191329956
0.694655179977417,8.747654676437378,86.36608600616455,4.3353729248046875,35.535927295684814,155.3809151649475,0.022833824157714844,0.30642247200012207,4.166972875595093
0.6938068866729736,8.767943620681763,86.69310092926025,4.1369404792785645,34.87461543083191,153.65164995193481,0.02297210693359375,0.5205729007720947,4.162694454193115
0.6978409290313721,8.56138563156128,86.14487791061401,3.9484658241271973,34.62646222114563,154.07024502754211,0.023074626922607422,0.5139002799987793,4.163133382797241
0.6811010837554932,8.779083490371704,86.74384880065918,3.8824429512023926,35.181180000305176,155.06101536750793,0.022951364517211914,0.4648160934448242,4.17587685585022
0.6873269081115723,8.881328821182251,86.3613543510437,4.1139068603515625,34.77515530586243,156.67912817001343,0.023134708404541016,0.4558558464050293,4.166780233383179
0.6832911968231201,8.74659276008606,86.38958406448364,4.002281427383423,34.77257061004639,153.74885272979736,0.023081541061401367,0.4562866687774658,4.16696834564209
0.6814699172973633,8.71522569656372,86.92710733413696,3.9210081100463867,34.332009077072144,154.95318818092346,0.022893667221069336,0.29326915740966797,4.1523988246917725
0.6942338943481445,9.032129049301147,86.33179998397827,4.175773620605469,35.00613808631897,153.2196033000946,0.023093223571777344,0.5466675758361816,4.168824195861816
0.6812889575958252,8.69088339805603,86.56545782089233,4.212899684906006,34.451722145080566,155.43848752975464,0.02278447151184082,0.29192209243774414,4.100188493728638
0.6870090961456299,9.224509716033936,86.6685721874237,4.040940761566162,34.400989055633545,156.38635969161987,0.022899150848388672,0.5354485511779785,4.167685508728027
0.6874167919158936,8.895111560821533,86.16374468803406,3.9595909118652344,34.379194021224976,154.98454070091248,0.02311086654663086,0.46250438690185547,4.170391798019409
0.695263147354126,8.992396116256714,86.5469241142273,3.9702110290527344,34.448917865753174,155.17459440231323,0.022808074951171875,0.2966592311859131,4.171029806137085
0.6985230445861816,8.879423379898071,86.60057258605957,3.9961187839508057,34.81672954559326,155.35163617134094,0.022960662841796875,0.5106713771820068,4.165332555770874
0.6983554363250732,8.777312994003296,86.47236824035645,4.006425857543945,34.446106910705566,156.6845543384552,0.022945880889892578,0.29057765007019043,4.112247705459595
0.6877472400665283,8.745160102844238,86.83954954147339,4.031996726989746,35.108779430389404,156.84180164337158,0.022858619689941406,0.4482603073120117,4.167965412139893
0.6855385303497314,8.593207120895386,86.8051016330719,3.6031675338745117,34.77872347831726,157.53737354278564,0.022815465927124023,0.4597201347351074,4.17134690284729
0.685941219329834,8.978806495666504,86.31986331939697,3.9418540000915527,35.01633381843567,155.71626114845276,0.022990942001342773,0.4882669448852539,4.17646861076355
0.6936073303222656,8.89419960975647,86.5207109451294,3.866778612136841,34.75844383239746,155.34379076957703,0.023096323013305664,0.29936742782592773,4.162311792373657
0.6832835674285889,8.882171154022217,86.49437594413757,4.250509262084961,35.096681356430054,157.12637042999268,0.022918224334716797,0.5352859497070312,4.1625916957855225
0.6957416534423828,8.913310766220093,86.15926480293274,3.8210153579711914,34.9121413230896,154.31348991394043,0.022846460342407227,0.4684181213378906,4.173704624176025
0.6816792488098145,8.983269453048706,86.58880472183228,3.777935028076172,34.867554664611816,157.15032935142517,0.023057937622070312,0.4892289638519287,4.161020278930664
0.7007303237915039,8.793090343475342,86.4208505153656,3.9706881046295166,34.636035203933716,157.47651720046997,0.022820472717285156,0.29463863372802734,4.069710731506348
0.698620080947876,8.84134554862976,86.35995578765869,4.131458282470703,35.137110233306885,154.64157605171204,0.0227968692779541,0.2977256774902344,4.091917991638184
0.6819546222686768,9.077438354492188,86.64796090126038,3.958440065383911,35.32887363433838,155.3172264099121,0.02306056022644043,0.5147004127502441,4.161272048950195
0.6817939281463623,8.720462560653687,86.40731024742126,3.841545343399048,35.184794902801514,157.31891107559204,0.02298116683959961,0.2945239543914795,4.08190393447876
0.6836867332458496,8.995891571044922,86.12603545188904,4.160788059234619,34.97574830055237,153.73414850234985,0.022995471954345703,0.5068919658660889,4.1632421016693115
0.6935708522796631,8.59640645980835,86.53140258789062,4.051497220993042,34.43379807472229,156.05087685585022,0.022971153259277344,0.45704126358032227,4.177534103393555
0.6980576515197754,8.968015432357788,86.08608484268188,3.776364326477051,34.647281885147095,158.4311921596527,0.022649049758911133,0.2880871295928955,4.111753702163696
0.6983509063720703,9.015007734298706,86.74788117408752,3.7034382820129395,35.183963775634766,155.12320113182068,0.02280282974243164,0.5292482376098633,4.1630330085754395
0.6976873874664307,8.787243366241455,86.9767107963562,3.679948568344116,34.411290407180786,155.8245189189911,0.022705078125,0.2952871322631836,4.171363830566406
0.700800895690918,8.707584142684937,86.72401523590088,4.0792317390441895,35.55101704597473,157.40029764175415,0.022716283798217773,0.5016956329345703,4.161930084228516
0.694084644317627,8.751207113265991,86.76276278495789,3.654724359512329,34.63506031036377,156.84654641151428,0.022911548614501953,0.3075563907623291,4.167807340621948
0.6821203231811523,8.820574522018433,86.48520398139954,4.43314266204834,34.857277154922485,155.09649085998535,0.02286839485168457,0.4494643211364746,4.166375637054443
0.6867091655731201,8.766737461090088,86.41937923431396,3.9335803985595703,34.6434166431427,159.23870372772217,0.02293848991394043,0.29515600204467773,4.085251808166504
0.6949598789215088,8.809861421585083,86.15793180465698,4.379420042037964,34.324490785598755,153.67734026908875,0.023117780685424805,0.2929413318634033,4.157389163970947
0.6937706470489502,8.877362728118896,86.44297313690186,4.0161683559417725,34.70900774002075,154.49838280677795,0.022945880889892578,0.2906169891357422,4.091249227523804
0.6874449253082275,9.041706562042236,86.43480014801025,3.9237725734710693,34.83084845542908,154.5147521495819,0.02281785011291504,0.45431065559387207,4.176506280899048
0.6909835338592529,8.83404803276062,86.54924654960632,4.094626426696777,34.330153465270996,155.73922753334045,0.022856712341308594,0.29616594314575195,4.1729795932769775
0.6986227035522461,8.840587377548218,86.3934817314148,4.018145322799683,35.41864347457886,155.05084013938904,0.022847652435302734,0.3011281490325928,4.101443767547607
0.6816282272338867,8.831132411956787,86.39100098609924,4.188085079193115,35.13973379135132,156.04954171180725,0.02300858497619629,0.2947866916656494,4.099595308303833
0.686530590057373,8.947049379348755,86.32326459884644,4.296060800552368,35.55191159248352,155.72376680374146,0.022932767868041992,0.4665653705596924,4.164385557174683
0.6913528442382812,8.96724820137024,86.30008435249329,3.6811935901641846,35.13536262512207,154.59241223335266,0.023005247116088867,0.29090189933776855,4.111748456954956
0.6813616752624512,8.860432624816895,86.34308457374573,4.378197908401489,35.12389373779297,153.9647581577301,0.02304840087890625,0.5183286666870117,4.165621995925903
0.6937272548675537,8.855171918869019,86.73370599746704,5.212404727935791,34.44568943977356,158.5565538406372,0.02290034294128418,0.2974379062652588,4.110332489013672
0.6943149566650391,8.75449538230896,86.16207814216614,4.003477096557617,34.59745693206787,156.1611247062683,0.023053407669067383,0.2993440628051758,4.131708145141602
0.698237419128418,8.912386894226074,86.3476448059082,4.041520118713379,34.75628972053528,155.39187669754028,0.022813081741333008,0.3060638904571533,4.153022527694702
0.6937465667724609,8.982351779937744,86.77971959114075,3.9761509895324707,34.45690321922302,157.53188967704773,0.022842884063720703,0.29386091232299805,4.150433778762817
0.6980154514312744,8.896807670593262,86.72889947891235,3.869511604309082,34.864237546920776,157.22545742988586,0.02303910255432129,0.5052971839904785,4.160951137542725
0.6969525814056396,8.806294679641724,86.38585710525513,3.663357734680176,35.1232705116272,154.5947515964508,0.023084640502929688,0.4915177822113037,4.16611123085022
0.6818180084228516,8.662270069122314,86.69212198257446,3.843291997909546,34.30997681617737,156.029376745224,0.022869110107421875,0.5090160369873047,4.162487268447876
0.6940546035766602,8.842856884002686,86.09731817245483,5.262861967086792,35.05718421936035,153.66682648658752,0.022835254669189453,0.5436632633209229,4.173730373382568
0.6877942085266113,8.796001195907593,86.46745300292969,3.7815773487091064,34.333099603652954,154.30175590515137,0.023233413696289062,0.49172496795654297,4.165262460708618
0.6888940334320068,8.662637948989868,86.45794820785522,3.7133948802948,34.752442598342896,155.0927631855011,0.023099184036254883,0.46455979347229004,4.1681272983551025
0.6990237236022949,8.667271137237549,86.36797595024109,3.662370443344116,34.38503408432007,156.42158389091492,0.022814273834228516,0.3002159595489502,4.150985479354858
0.6891155242919922,8.726367235183716,86.43594574928284,4.0287721157073975,34.44035887718201,156.16211581230164,0.023187875747680664,0.5224282741546631,4.163472890853882
0.6960048675537109,8.746900081634521,86.84067702293396,5.094104051589966,34.32821273803711,156.02605867385864,0.022963523864746094,0.30266785621643066,4.16725492477417
0.6866970062255859,8.786041259765625,86.52582550048828,3.909464120864868,34.375885248184204,154.0263614654541,0.022893667221069336,0.29027318954467773,4.108001947402954
0.6835486888885498,8.59165358543396,86.55230069160461,4.331521511077881,35.00983166694641,155.50664401054382,0.02291131019592285,0.3003871440887451,4.135266065597534
0.693882942199707,9.24946117401123,86.60560321807861,5.206969261169434,34.33416223526001,154.81928825378418,0.02281641960144043,0.5033836364746094,4.167191505432129
0.6828687191009521,8.798925876617432,86.72885990142822,5.29076623916626,35.48888039588928,153.97386741638184,0.022910118103027344,0.3087329864501953,4.158798933029175
0.6993885040283203,9.009267091751099,86.71477198600769,3.992032051086426,34.6406683921814,154.56388473510742,0.02269434928894043,0.5009677410125732,4.160321235656738
0.6987624168395996,8.834676027297974,86.2636489868164,3.7556350231170654,34.701274394989014,156.1710422039032,0.022898435592651367,0.5304405689239502,4.151273488998413
0.6946125030517578,8.884486436843872,86.51441264152527,3.7507331371307373,35.07121253013611,153.65232157707214,0.023055076599121094,0.29575634002685547,4.129610300064087
0.7013182640075684,8.907103776931763,86.49778413772583,3.8564040660858154,34.69708180427551,154.22450923919678,0.023017168045043945,0.5004079341888428,5.004500389099121
0.6821372509002686,9.206743717193604,86.67914271354675,5.007799386978149,35.10789203643799,153.72763919830322,0.022972583770751953,0.2973039150238037,4.1563401222229
0.6883289813995361,8.805849075317383,86.84780883789062,3.878251552581787,34.68357491493225,154.06981015205383,0.022974252700805664,0.3044908046722412,4.137070894241333
0.6980483531951904,8.873509168624878,86.59856510162354,4.259933233261108,35.522658586502075,153.99195194244385,0.023137569427490234,0.31317615509033203,4.173135757446289
0.6815388202667236,8.966556072235107,86.3363344669342,4.081732511520386,34.8672559261322,153.95609617233276,0.023039579391479492,0.29335618019104004,4.1046082973480225
0.6841254234313965,8.845486640930176,86.80740857124329,3.6445443630218506,34.62719750404358,156.33105039596558,0.022937774658203125,0.2906982898712158,4.165784597396851
0.6838164329528809,8.691190004348755,86.08494353294373,4.136814594268799,34.708686113357544,153.74965977668762,0.022608280181884766,0.29555845260620117,4.132258653640747
0.6884381771087646,8.952417135238647,86.1422655582428,3.9611310958862305,34.45164775848389,156.41250276565552,0.02293705940246582,0.2933018207550049,4.10818076133728
0.6835384368896484,9.023167610168457,86.65580463409424,3.81192684173584,34.76040077209473,156.22719264030457,0.022860288619995117,0.29424023628234863,4.14478611946106
0.6817734241485596,8.844786882400513,86.22524642944336,3.6973330974578857,34.335103273391724,157.48993754386902,0.022900104522705078,0.46195030212402344,4.171236753463745
0.6880652904510498,8.969149589538574,86.55774331092834,3.7992117404937744,35.51345086097717,156.15295338630676,0.022861719131469727,0.3021364212036133,4.122288703918457
0.6923012733459473,8.986624479293823,86.20348715782166,3.887056350708008,34.63272142410278,156.1246154308319,0.022963523864746094,0.29280686378479004,4.10121488571167
0.6812272071838379,9.079320907592773,86.2172908782959,3.8192074298858643,35.37657618522644,155.16560554504395,0.02286362648010254,0.29286837577819824,4.087541341781616
0.6983897686004639,8.949530601501465,86.97183871269226,3.830214262008667,35.11079263687134,157.79388737678528,0.022887468338012695,0.29684925079345703,4.122553110122681
0.6992528438568115,9.00448226928711,86.32642149925232,3.9634504318237305,34.7035813331604,156.06220817565918,0.022991180419921875,0.2921426296234131,4.129169464111328
0.6831634044647217,8.940133810043335,86.52450847625732,3.7853007316589355,35.22232007980347,156.16330409049988,0.02291727066040039,0.2981076240539551,4.129229784011841
0.694840669631958,8.792613506317139,86.69009923934937,3.6657354831695557,34.71296691894531,154.26312160491943,0.023029565811157227,0.2939913272857666,4.165597200393677
0.6985294818878174,8.907300472259521,86.46158528327942,3.863722801208496,34.38859963417053,155.385080575943,0.02282404899597168,0.2943422794342041,4.139333486557007
0.6857485771179199,8.93170714378357,86.3651123046875,4.253957509994507,34.319868326187134,154.50438022613525,0.022888660430908203,0.3056817054748535,4.165225505828857
0.6918282508850098,8.825665473937988,86.70655703544617,3.891930103302002,34.731306076049805,157.49558687210083,0.022969722747802734,0.28850793838500977,4.1210010051727295
0.6981499195098877,9.101550340652466,86.38070559501648,4.080129146575928,34.37348651885986,155.54053831100464,0.022817611694335938,0.5326104164123535,4.168828964233398
0.6817069053649902,8.743495225906372,86.37713837623596,5.352185487747192,34.38626480102539,155.99641489982605,0.02299952507019043,0.29470324516296387,4.108921527862549
0.6877093315124512,8.805171966552734,86.76417541503906,3.660567283630371,35.02870583534241,157.3023931980133,0.022830724716186523,0.2972910404205322,4.102619171142578
0.6872620582580566,9.05726432800293,86.2530837059021,3.9048101902008057,34.767186403274536,154.09848952293396,0.02307581901550293,0.29267263412475586,4.1163201332092285
0.6835250854492188,8.904249429702759,86.5106520652771,3.89227032661438,34.37949228286743,155.87316036224365,0.0228116512298584,0.29952454566955566,4.117336750030518
0.7001349925994873,9.23701024055481,86.82036352157593,3.6433184146881104,34.52076172828674,157.1881866455078,0.022882461547851562,0.29927539825439453,4.165693998336792
0.6813302040100098,8.8642098903656,86.26865291595459,3.995652675628662,34.331000089645386,156.39296340942383,0.0228116512298584,0.29090189933776855,4.118417024612427
0.6890738010406494,9.122319459915161,85.9820339679718,4.257658243179321,34.437617778778076,157.24227213859558,0.02293705940246582,0.29610633850097656,4.09758186340332
0.6879169940948486,8.873998880386353,86.56745934486389,3.7838828563690186,35.51518273353577,159.09190678596497,0.022881269454956055,0.3012521266937256,4.130655288696289
0.6878030300140381,8.863037824630737,86.94879198074341,3.818915367126465,34.4002571105957,156.04318261146545,0.022971391677856445,0.30325937271118164,4.164978504180908
0.6994028091430664,8.995876789093018,86.47080993652344,3.7047877311706543,34.818583965301514,156.14167261123657,0.02309441566467285,0.29250049591064453,4.128297805786133
0.6972930431365967,9.083361864089966,86.46864867210388,3.6647777557373047,34.97789764404297,154.5444746017456,0.02282881736755371,0.5081033706665039,4.168050289154053
0.6810057163238525,8.852779150009155,86.69020009040833,5.263042688369751,34.86952996253967,156.81116938591003,0.02285933494567871,0.47127294540405273,4.166327238082886
0.6843650341033936,8.837090015411377,86.73988747596741,5.100621223449707,34.68552207946777,156.64235663414001,0.022919654846191406,0.29981017112731934,4.122820854187012
0.6817281246185303,8.941893100738525,86.3343436717987,3.8509771823883057,34.4461464881897,153.74821877479553,0.0230405330657959,0.5133566856384277,4.154521703720093
0.6812927722930908,8.869992971420288,86.56451892852783,5.254961252212524,35.00491261482239,156.80351328849792,0.023105859756469727,0.4891331195831299,4.168527364730835
0.6820073127746582,8.730794906616211,86.46862983703613,3.742823839187622,34.50931358337402,154.97685718536377,0.023016929626464844,0.2941293716430664,4.116578578948975
0.6876013278961182,8.941031455993652,86.23173522949219,3.8998172283172607,34.40338969230652,155.3430473804474,0.022755861282348633,0.2936089038848877,4.081385612487793
0.6964006423950195,8.957058191299438,86.63564467430115,3.911309242248535,34.862061738967896,153.97871327400208,0.022872447967529297,0.45964670181274414,4.162553310394287
0.7007677555084229,8.67370343208313,86.99310636520386,5.265537977218628,34.32984113693237,157.48535537719727,0.022778987884521484,0.29742932319641113,4.1579749584198
0.6881296634674072,8.791879415512085,86.94828176498413,3.7245376110076904,35.16042160987854,159.1954174041748,0.022921323776245117,0.30007171630859375,4.140648126602173
0.6857900619506836,8.867381572723389,86.69150900840759,3.8148136138916016,34.329643964767456,155.7214822769165,0.022828340530395508,0.2923734188079834,4.1329145431518555
0.7009665966033936,8.759666681289673,86.19000053405762,4.4735119342803955,34.404627084732056,155.42125463485718,0.022901535034179688,0.31110215187072754,4.16098690032959
0.6955490112304688,8.744536399841309,86.98290848731995,3.7889301776885986,34.98125171661377,156.05764865875244,0.022966384887695312,0.30246853828430176,4.142961025238037
0.6855826377868652,8.861979722976685,86.47534441947937,3.7813503742218018,34.31321358680725,154.03245282173157,0.022812366485595703,0.29260706901550293,4.094013690948486
0.6874287128448486,9.004811525344849,86.49182152748108,3.8122878074645996,34.95714974403381,155.6402485370636,0.022796154022216797,0.3068253993988037,4.125561475753784
0.6990189552307129,8.58875060081482,86.60689163208008,4.016307592391968,35.169060945510864,155.65521502494812,0.022786378860473633,0.29840636253356934,4.137667179107666
0.6873979568481445,8.863008260726929,86.75214862823486,3.9949238300323486,34.64459466934204,154.28656888008118,0.022899866104125977,0.2946009635925293,4.157049179077148
0.6818041801452637,8.88986086845398,86.40330195426941,3.8118953704833984,34.70134258270264,155.1395890712738,0.023172616958618164,0.29213643074035645,4.075408935546875
0.6871740818023682,8.809606790542603,86.43204760551453,3.819099187850952,34.328314542770386,157.54892826080322,0.022848844528198242,0.30323100090026855,4.1165101528167725
0.6934707164764404,9.00708293914795,86.2695300579071,3.814854383468628,34.32442855834961,156.07341313362122,0.023051977157592773,0.29503703117370605,4.157240867614746
0.6871087551116943,8.691807270050049,86.77719020843506,3.8482470512390137,34.44501805305481,155.6566436290741,0.023061752319335938,0.29172658920288086,4.066521883010864
0.7006018161773682,8.777170181274414,86.81916284561157,3.7608702182769775,34.455698013305664,157.78162717819214,0.02286076545715332,0.47043609619140625,4.172466039657593
0.6879818439483643,8.817965507507324,86.22758626937866,3.6549758911132812,34.66593050956726,154.06723141670227,0.022876501083374023,0.49805617332458496,4.164033889770508
0.6837434768676758,8.613772869110107,86.43524646759033,5.307739734649658,34.32611656188965,155.11720180511475,0.022768020629882812,0.29772067070007324,4.098999261856079
0.6873822212219238,8.859298944473267,86.38609600067139,5.254485607147217,34.41004419326782,155.30548286437988,0.02271437644958496,0.5294828414916992,4.160193920135498
0.6810054779052734,8.790751457214355,86.1667127609253,5.302080154418945,34.441405296325684,155.22663593292236,0.02287912368774414,0.3068654537200928,4.161116361618042
0.6892330646514893,9.207342386245728,86.6216299533844,5.117183446884155,34.32845067977905,155.6545331478119,0.023035764694213867,0.4915173053741455,4.166874170303345
0.69844651222229,8.82423186302185,86.5908477306366,5.297853469848633,35.17900466918945,155.3096103668213,0.022902727127075195,0.30275464057922363,4.15871787071228
0.6817581653594971,8.711169719696045,86.21604490280151,3.938417911529541,34.87400412559509,155.3291208744049,0.02317190170288086,0.29498982429504395,4.1517333984375
0.6981239318847656,8.840343475341797,86.77187371253967,3.741694450378418,34.455772161483765,155.06445288658142,0.02296161651611328,0.5226700305938721,4.157460689544678
0.6878440380096436,8.882403373718262,86.71819639205933,5.141618967056274,35.126699447631836,155.32947874069214,0.022925138473510742,0.2996363639831543,4.129596948623657
0.681380033493042,9.058132410049438,86.52190160751343,3.6930317878723145,35.14460515975952,154.05508422851562,0.023123741149902344,0.4670748710632324,4.176429271697998
0.6889805793762207,9.07546877861023,86.269038438797,3.827937126159668,35.18541383743286,156.1275954246521,0.023001670837402344,0.2967185974121094,4.131461143493652
0.6837401390075684,9.132140874862671,86.28261160850525,3.9813387393951416,34.770379304885864,154.28575491905212,0.02287578582763672,0.5390028953552246,4.166963815689087
0.6873290538787842,8.592602968215942,86.66523575782776,4.12097692489624,34.817683935165405,153.7072241306305,0.022729158401489258,0.29713916778564453,4.105219841003418
0.6873903274536133,9.043548345565796,86.52855658531189,4.276477813720703,34.99712610244751,155.13719153404236,0.023020267486572266,0.5121517181396484,4.1635894775390625
0.6978445053100586,8.862236976623535,86.36945271492004,4.315180778503418,34.32495617866516,154.79654574394226,0.02296900749206543,0.5093936920166016,4.163363695144653
0.681647777557373,8.948100566864014,86.49215745925903,3.892421007156372,34.76979851722717,156.73049640655518,0.02274489402770996,0.5331439971923828,4.1725757122039795
0.6848607063293457,8.511959791183472,86.84651494026184,4.056913614273071,34.44865846633911,155.1560559272766,0.022778034210205078,0.49752283096313477,4.16583776473999
0.6831128597259521,8.831994533538818,86.66037702560425,4.082693576812744,34.87723898887634,153.7982792854309,0.02294635772705078,0.4741184711456299,4.175058126449585
0.6871814727783203,8.912286758422852,86.55770707130432,4.248279809951782,34.6585419178009,158.81585574150085,0.022937774658203125,0.2964768409729004,4.098200082778931
0.6873855590820312,8.773858547210693,86.33509159088135,4.585692882537842,35.0082905292511,154.95474410057068,0.022988080978393555,0.481947660446167,4.167962551116943
0.6947999000549316,8.63904619216919,86.51384544372559,4.3319573402404785,35.18207263946533,154.05136632919312,0.023010730743408203,0.3096637725830078,4.1555495262146
0.6814513206481934,9.053101778030396,86.47047281265259,4.470257043838501,34.388582706451416,155.34016180038452,0.022861719131469727,0.5054154396057129,4.164411544799805
0.6879463195800781,9.168510675430298,86.4951844215393,4.004258871078491,34.38693308830261,154.07960295677185,0.022886991500854492,0.5397729873657227,4.166592597961426
0.6813461780548096,8.910649061203003,86.531742811203,4.207321643829346,34.31886410713196,154.21740198135376,0.022980213165283203,0.2945253849029541,4.157884359359741
0.6811912059783936,8.926310539245605,86.17493557929993,4.585039854049683,34.7949275970459,159.16184282302856,0.022847414016723633,0.47177958488464355,4.17039680480957
0.6810541152954102,9.092581272125244,86.3994402885437,4.303085088729858,34.38449454307556,157.27450561523438,0.023162841796875,0.4710235595703125,4.174340009689331
0.680980920791626,8.725318908691406,86.72320914268494,4.3174073696136475,34.71465086936951,155.3376500606537,0.02289295196533203,0.54073166847229,4.209148645401001
0.6811156272888184,8.767302751541138,87.18073010444641,3.801426649093628,34.65155744552612,154.21942400932312,0.022914648056030273,0.5408368110656738,4.176793098449707
0.698857307434082,9.101627826690674,86.607985496521,4.152901887893677,34.958380460739136,156.05572295188904,0.023012399673461914,0.36911606788635254,4.1633405685424805
0.6812756061553955,8.722090721130371,86.59944033622742,4.381271600723267,34.3364896774292,155.16190910339355,0.022890329360961914,0.5332729816436768,4.167219400405884
0.6982772350311279,8.81373119354248,86.409264087677,4.130873441696167,35.1246657371521,154.25064277648926,0.02308511734008789,0.34052276611328125,4.17270302772522
0.6818482875823975,8.651893854141235,86.02664923667908,4.5958898067474365,34.46309757232666,155.14110159873962,0.02284526824951172,0.5337183475494385,4.169310569763184
0.6891329288482666,8.734704732894897,86.60904550552368,4.110897779464722,34.31233096122742,156.10627222061157,0.022891521453857422,0.5145883560180664,4.170926332473755
0.6991183757781982,9.01810336112976,86.29084897041321,3.957717180252075,34.333157539367676,155.64341068267822,0.02262425422668457,0.49184226989746094,4.177708625793457
0.6830959320068359,8.65062427520752,86.53524780273438,3.9348275661468506,35.53687882423401,157.5309135913849,0.02271294593811035,0.2976346015930176,4.161006450653076
0.6870496273040771,8.786246538162231,86.5548210144043,4.023697853088379,34.45646786689758,156.77325534820557,0.022796154022216797,0.5319068431854248,4.165755987167358
0.6817564964294434,8.930312395095825,86.66493010520935,3.689685344696045,34.446040630340576,154.57461643218994,0.022845983505249023,0.2961862087249756,4.173599481582642
0.6835923194885254,9.02111005783081,86.54274082183838,3.9390132427215576,34.33544301986694,156.69242763519287,0.022888660430908203,0.5093584060668945,4.1607630252838135
0.6814415454864502,8.949914932250977,86.5953323841095,5.206292152404785,35.113548040390015,156.10225296020508,0.023038625717163086,0.5278213024139404,4.16431188583374
0.6883232593536377,8.736550569534302,86.55006527900696,3.716304302215576,34.98071002960205,154.3018491268158,0.022808551788330078,0.4540073871612549,4.1657915115356445
